R	Player	Apps	Mins	Goals	Assists	Yel	Red	SpG	PS%	AeiralsWon	MotM	Rating
1	David VillaNew York City FC, 36, AM(L),FW	28(3)	2560	22	5	4	-	4.4	69.8	0.6	9	7.63
2	Sebastian GiovincoToronto FC, 31, AM(C),FW	25	2061	16	6	4	-	5.1	72.3	-	6	7.51
3	Josef MartinezAtlanta United, 24, FW	17(3)	1528	19	1	4	-	3.4	82.2	1.6	4	7.49
4	Ignacio PiattiMontreal Impact, 33, AM(CL),FW	26(2)	2370	17	5	3	-	2.7	76.4	0.1	7	7.45
5	Romain AlessandriniLA Galaxy, 29, AM(LR)	27(3)	2444	13	11	8	-	3.2	71.2	0.3	8	7.44
6	Cristian RoldanSeattle Sounders FC, 22, M(CR)	33	2960	6	2	3	-	1.2	84	1.1	4	7.4
7	Leandro Gonzalez PirezAtlanta United, 26, D(C)	32	2815	1	3	10	1	0.5	83.5	1.5	3	7.38
8	Miguel AlmironAtlanta United, 24, AM(CL)	27(3)	2395	9	8	4	-	2.8	80.6	0.1	5	7.36
9	Graham ZusiSporting Kansas City, 31, D(R),M(CLR)	23(1)	2115	-	6	3	1	1.5	86.6	0.7	1	7.31
10	Lee NguyenNew England Rev., 31, AM(CLR),FW	30(1)	2545	11	9	3	-	1.6	78.8	0.1	4	7.31
11	Nicolas LodeiroSeattle Sounders FC, 29, M(CLR),FW	33	2965	7	9	5	1	2	80.5	0.3	4	7.28
12	Albert RusnakReal Salt Lake, 23, AM(CLR)	29(1)	2580	7	13	2	-	2.8	84.8	0.1	3	7.28
13	Diego ValeriPortland Timbers, 31, AM(CR)	32	2830	21	9	4	-	2.9	79	0.6	3	7.26
14	David AccamChicago Fire, 27, AM(LR),FW	24(6)	2179	14	6	2	-	2.2	74.6	0.3	6	7.26
15	Blerim DzemailiMontreal Impact, 32, M(C)	22	1941	7	10	8	-	3	72.9	0.3	3	7.24
16	Federico HiguainColumbus Crew, 33, AM(C)	26	2239	9	9	3	-	2	79.9	0.1	3	7.24
17	Victor VazquezToronto FC, 31, AM(C)	28(3)	2383	8	10	3	-	1.3	84.4	0.3	3	7.23
18	Jozy AltidoreToronto FC, 28, FW	25(2)	2194	15	6	8	-	2.5	71.7	1.1	3	7.23
19	Maximiliano UrrutiFC Dallas, 27, FW	31(1)	2749	12	4	1	-	3.2	77	0.5	3	7.22
20	Yamil AsadAtlanta United, 23, AM(CL)	31(1)	2767	7	11	7	1	1.7	75.9	0.9	1	7.21
21	Andre BlakePhiladelphia Union, 27, GK	26	2340	-	-	2	-	-	55.2	0.6	4	7.21
22	Alexander RingNew York City FC, 27, M(CR)	29	2604	-	3	10	-	0.8	82.7	1.1	-	7.19
23	C.J. SapongPhiladelphia Union, 29, AM(LR),FW	30(3)	2794	16	4	3	-	2	65.6	3.1	5	7.19
24	Bastian SchweinsteigerChicago Fire, 33, M(C)	23(1)	1994	3	2	5	-	1	86.6	1	4	7.18
25	Sacha KljestanNew York Red Bulls, 32, M(C)	28(4)	2583	2	9	6	-	1.3	79.3	1.1	5	7.18
26	Justin MeramColumbus Crew, 29, AM(CLR),FW	32(2)	2589	13	5	6	-	1.8	75.3	0.6	6	7.17
27	Kelyn RoweNew England Rev., 26, D(L),M(CLR)	21(2)	1898	1	6	3	-	1.5	74.3	1	-	7.15
28	Justin MorrowToronto FC, 30, D(CLR),M(L)	28	2479	8	1	-	-	0.9	84	0.5	4	7.14
29	Maximiliano MoralezNew York City FC, 31, AM(CLR)	28(1)	2525	5	8	8	-	1.5	82.7	0.2	1	7.14
30	David GuzmanPortland Timbers, 28, DMC	24(1)	2029	1	6	11	-	1.7	82.5	0.4	2	7.14
31	Hector VillalbaAtlanta United, 23, AM(R),FW	34	2762	13	9	4	-	2.5	71.3	0.3	4	7.13
32	Kei KamaraNew England Rev., 33, AM(LR),FW	27(4)	2366	12	4	4	-	2.8	73.7	2.6	4	7.13
33	Nemanja NikolicChicago Fire, 30, FW	34	2952	24	3	1	-	3.5	74.7	0.3	6	7.13
34	Maxime ChanotNew York City FC, 28, D(C)	19	1710	2	-	3	-	0.8	86.9	2.8	1	7.11
35	IbsonMinnesota United, 34, M(C)	29(2)	2663	-	2	6	-	0.5	86.1	0.3	3	7.1
36	Ike OparaSporting Kansas City, 29, D(C)	30	2700	3	-	3	-	0.6	86.2	1.8	4	7.1
37	Benny FeilhaberSporting Kansas City, 33, M(C)	24(6)	2271	5	1	4	-	2.1	83.1	0.6	2	7.08
38	Osvaldo AlonsoSeattle Sounders FC, 32, DMC	24(2)	2074	1	-	4	-	0.9	91	0.4	2	7.08
39	Darlington NagbePortland Timbers, 27, M(CLR)	27	2332	3	3	3	-	1.6	92.2	0.7	-	7.07
40	Haris MedunjaninPhiladelphia Union, 33, M(C)	34	3057	2	8	4	-	1.1	82.7	0.5	1	7.07
41	Jefferson SavarinoReal Salt Lake, 21, AM(R)	19(3)	1674	6	5	-	-	2.6	80.6	-	3	7.06
42	Fanendo AdiPortland Timbers, 27, FW	22	1886	10	2	2	1	3	70.4	2.3	2	7.06
43	Kemar LawrenceNew York Red Bulls, 25, D(CL)	23(1)	2076	1	5	7	-	0.7	70.8	1.8	1	7.06
44	Ola KamaraColumbus Crew, 28, FW	33(1)	2868	18	3	-	-	2.6	75	1.5	3	7.05
45	Clint DempseySeattle Sounders FC, 35, M(CL),FW	25(4)	2278	12	4	3	1	4	83.5	1.1	3	7.05
46	Dax McCartyChicago Fire, 30, DMC	28	2465	-	4	4	-	0.5	86.2	1.4	-	7.04
47	Bradley Wright-PhillipsNew York Red Bulls, 33, FW	29(3)	2561	17	1	6	-	2.6	66.3	1.5	1	7.04
48	Sebastian BlancoPortland Timbers, 30, AM(CLR)	32(1)	2786	8	4	6	1	2.6	78	0.2	2	7.04
49	Jack HarrisonNew York City FC, 21, AM(R)	33(1)	2757	10	3	3	1	1.9	75.7	0.3	3	7.03
50	FabinhoPhiladelphia Union, 33, D(L),M(L)	21(1)	1903	-	1	4	-	0.4	72.4	1	-	7.02
51	Francisco CalvoMinnesota United, 25, D(C)	27	2430	2	1	5	-	0.8	76.8	1.6	2	7.02
52	Kendall WastonVancouver Whitecaps, 30, D(C)	25	2250	4	1	7	-	0.8	71.9	2.2	1	7.02
53	Alejandro BedoyaPhiladelphia Union, 30, M(CR),FW	28	2509	2	3	6	-	1.3	84.4	1.3	1	7.01
54	Gustav SvenssonSeattle Sounders FC, 31, D(C),DMC	30(2)	2646	1	3	1	-	0.5	86.5	1.5	1	7.01
55	Michael BradleyToronto FC, 30, M(C)	30	2700	-	2	8	-	0.4	88.2	0.2	-	7.01
56	Matt PolsterChicago Fire, 24, D(R),DMC	21(1)	1769	1	5	3	-	0.4	85	1.1	-	7.01
57	Matt HedgesFC Dallas, 28, D(C)	27	2425	2	-	7	-	0.9	84.5	1.9	1	7.01
58	Tyler AdamsNew York Red Bulls, 19, DMC,M(R)	22(2)	1995	2	3	2	-	0.5	80.6	0.8	2	7
59	Marco DelgadoToronto FC, 22, D(LR),M(CR)	25(1)	2072	3	2	1	1	0.7	85.2	0.8	-	7
60	Florian JungwirthSan Jose Earthquakes, 29, D(CR),DMC	30	2600	2	3	4	-	0.4	82.6	1.1	2	6.99
61	Oguchi OnyewuPhiladelphia Union, 35, D(C)	22	1929	1	-	6	-	0.6	79.7	1.9	-	6.98
62	Diego FagundezNew England Rev., 23, AM(CLR)	27(5)	2438	7	7	2	-	2.3	80.9	0.1	5	6.98
63	Michael MurilloNew York Red Bulls, 22, D(CR)	15(2)	1317	2	-	3	-	1	78.7	1.8	2	6.98
64	Ilie SanchezSporting Kansas City, 27, M(C)	33	2970	-	1	6	-	0.6	85.4	1.8	-	6.98
65	Greg GarzaAtlanta United, 26, D(L)	25(1)	2151	2	4	2	-	0.5	81.5	0.8	-	6.97
66	Luciano AcostaDC United, 23, AM(C),FW	30(1)	2422	5	4	4	2	1.5	75.7	0.3	2	6.97
67	Matt BeslerSporting Kansas City, 31, D(C)	26	2340	-	4	2	-	0.2	85.9	2.1	1	6.97
68	Juan CabezasHouston Dynamo, 27, DMC	26(1)	2232	1	-	7	-	0.7	86.4	0.9	1	6.97
69	Luke MulhollandReal Salt Lake, 29, DMC	22(5)	1950	3	2	4	-	1.6	75.7	0.9	-	6.97
70	Adolfo MachadoHouston Dynamo, 33, D(CR)	33	2970	-	2	5	-	0.3	77	1.6	1	6.96
71	Joevin JonesSeattle Sounders FC, 26, D(L),M(L)	28(2)	2451	1	9	3	1	0.9	84.7	0.4	-	6.96
72	Chad MarshallSeattle Sounders FC, 33, D(C)	27(1)	2366	1	2	2	-	0.5	90.1	2.1	1	6.96
73	Daniel RoyerNew York Red Bulls, 27, AM(CLR)	23(3)	1870	12	2	5	-	2	71.4	1.2	3	6.95
74	Yangel HerreraNew York City FC, 20, DMC	14(4)	1223	1	2	6	1	1.1	81.1	1.7	2	6.95
75	Joao PlataReal Salt Lake, 26, AM(L),FW	27(2)	2320	7	4	1	-	3.3	79.7	0.2	2	6.95
76	Roger EspinozaSporting Kansas City, 31, M(CL)	30	2680	1	2	8	1	1.6	84.1	1.5	-	6.95
77	Drew MoorToronto FC, 34, D(CLR)	24(1)	2176	2	1	1	-	0.5	86.5	1.6	1	6.95
78	Ben SweatNew York City FC, 26, D(L)	25(1)	2176	1	6	3	-	0.7	78.8	1.8	1	6.95
79	Diego CharaPortland Timbers, 32, DMC	29	2530	1	1	8	1	0.2	89	0.6	-	6.94
80	Justen GladReal Salt Lake, 21, D(C)	18	1620	-	-	2	-	0.6	84.3	2.4	1	6.94
81	Chris PontiusPhiladelphia Union, 30, AM(CLR),FW	27(3)	2255	2	6	-	-	1.4	72.6	3.8	1	6.93
82	Nouhou ToloSeattle Sounders FC, 20, D(L)	10(9)	1054	-	-	1	1	0.3	83.3	0.5	-	6.93
83	Alberth ElisHouston Dynamo, 22, AM(R)	18(8)	1645	10	3	8	-	2.7	73.4	1.5	2	6.92
84	Kevin MolinoMinnesota United, 27, AM(CLR)	30	2514	7	9	5	-	1.5	79	0.4	5	6.92
85	Daniel SteresLA Galaxy, 27, D(C)	21	1843	3	-	1	-	0.8	85.4	2.1	1	6.92
86	Nick LimaSan Jose Earthquakes, 23, D(LR)	20(2)	1809	2	1	1	1	0.9	79.1	1	1	6.92
87	Tony BeltranReal Salt Lake, 30, D(R)	21	1821	1	1	3	-	0.4	78.2	1.2	2	6.91
88	Rodney WallaceNew York City FC, 29, D(L),M(L)	23(3)	1936	4	5	6	-	2	78.3	0.7	2	6.91
89	Romell QuiotoHouston Dynamo, 26, AM(L)	14(8)	1283	7	3	4	-	2	73.8	0.9	2	6.91
90	FelipeNew York Red Bulls, 27, M(C)	33	2961	2	3	5	-	1.1	81.5	0.4	1	6.9
91	Johan KappelhofChicago Fire, 27, D(CR),DMC	33	2881	-	2	5	1	0.1	85.2	0.9	1	6.9
92	Kyle BeckermanReal Salt Lake, 35, DMC	26	2242	4	-	8	2	1.3	82.3	0.7	1	6.9
93	Alvas PowellPortland Timbers, 23, D(R)	19(4)	1690	2	2	3	-	0.6	75.7	1.2	1	6.9
94	Juan AgudeloNew England Rev., 25, AM(CLR),FW	20(8)	1821	8	1	3	-	1.3	80.9	1.5	2	6.9
95	Chris WondolowskiSan Jose Earthquakes, 35, AM(CR),FW	34	3041	13	8	3	-	2.3	78.4	1	2	6.9
96	Will JohnsonOrlando City, 31, M(CR)	23(3)	2057	2	3	6	-	1.2	83.5	0.8	2	6.9
97	Antonio Mlinar DelameaNew England Rev., 26, D(C)	29	2547	1	1	6	1	0.4	86	2.2	2	6.9
98	Anton WalkesAtlanta United, 21, D(R)	17(3)	1528	2	-	2	-	0.4	78.5	1.3	1	6.9
99	Bill HamidDC United, 27, GK	24	2160	-	-	-	-	-	49.1	0.2	2	6.89
100	Anibal GodoySan Jose Earthquakes, 28, DMC	24(2)	2134	2	-	9	1	0.8	90.8	0.9	2	6.89
101	Jack ElliottPhiladelphia Union, 22, D(C)	29(1)	2622	1	1	4	-	0.2	77.3	1.1	-	6.89
102	Erick TorresHouston Dynamo, 25, FW	23(4)	2002	14	3	6	-	2.7	72.9	1.5	2	6.89
103	Nick DeLeonDC United, 27, D(LR),M(CLR)	18(1)	1594	-	-	3	-	0.9	82.3	1.4	-	6.88
104	Jonathan SpectorOrlando City, 32, D(CR),DMC	25	2176	1	-	4	1	0.2	82.1	1.4	1	6.88
105	Fredy MonteroVancouver Whitecaps, 30, AM(C),FW	26(7)	2470	13	6	6	-	2.6	71.9	0.5	4	6.88
106	Matias LabaVancouver Whitecaps, 26, DMC	19	1612	2	-	6	1	0.8	79.3	0.9	-	6.88
107	Maynor FigueroaFC Dallas, 34, D(CL),M(L)	26	2325	3	-	8	-	1.3	77.7	1.5	1	6.88
108	Taylor KempDC United, 27, D(L)	22	1980	-	-	2	-	0.5	70.3	1.4	-	6.88
109	IlsinhoPhiladelphia Union, 32, AM(CR)	24(3)	1851	6	3	4	-	1.4	79.5	0.4	1	6.87
110	Jakob NerwinskiVancouver Whitecaps, 23, D(R)	19	1708	-	3	2	-	0.1	73.5	1.3	1	6.87
111	Fabrice-Jean PicaultPhiladelphia Union, 27, AM(LR),FW	23(5)	1897	7	3	1	-	1.6	65.7	1.3	-	6.87
112	Hernan GranaFC Dallas, 33, D(R)	30	2660	1	3	8	-	0.3	76.8	0.5	1	6.86
113	Raheem EdwardsToronto FC, 22, M(L)	10(11)	1062	1	4	1	-	0.5	75.6	1.2	1	6.86
114	Hector JimenezColumbus Crew, 29, D(LR),M(R)	15(4)	1366	-	3	1	-	0.3	81.1	1.1	1	6.86
115	Tim MeliaSporting Kansas City, 31, GK	31	2759	-	-	1	-	-	69.2	0.1	2	6.86
116	Gerso FernandesSporting Kansas City, 27, AM(LR)	26(6)	2239	8	2	4	-	1.9	81.3	-	5	6.86
117	Brandon VincentChicago Fire, 23, D(L),M(L)	26(1)	2341	2	4	3	-	0.7	79	1.5	-	6.86
118	Aaron LongNew York Red Bulls, 25, D(C)	30(1)	2661	1	-	3	-	0.7	75.9	2.3	1	6.86
119	Jeff LarentowiczAtlanta United, 34, D(C),DMC	30(3)	2602	1	1	6	-	0.5	84.2	1.8	-	6.85
120	Roland LamahFC Dallas, 30, M(L)	29(3)	2160	11	2	2	-	1.4	74.6	1.2	3	6.85
121	Chris MavingaToronto FC, 26, D(CL)	24(2)	2015	-	2	3	-	0.3	84.1	1.2	-	6.84
122	Cristian TecheraVancouver Whitecaps, 25, AM(LR)	24(5)	2045	6	4	1	-	1.9	70.6	0.2	3	6.84
123	Mauro ManotasHouston Dynamo, 22, AM(LR),FW	24(9)	2064	10	5	3	-	2.2	78.6	0.2	-	6.84
124	Giovani dos SantosLA Galaxy, 28, AM(CLR),FW	25	2191	6	3	3	-	2.4	88.5	0.1	2	6.84
125	Zarek ValentinPortland Timbers, 26, D(LR)	17(2)	1547	-	3	2	-	0.1	83.6	0.8	-	6.84
126	Kellyn AcostaFC Dallas, 22, D(R),DMC	20(3)	1895	3	2	2	-	2.1	78.2	0.5	1	6.83
127	AlexHouston Dynamo, 29, M(CLR)	28(4)	2310	2	7	4	1	1.3	78.6	0.3	4	6.83
128	Josh WilliamsColumbus Crew, 30, D(CR)	19(3)	1795	3	-	4	-	0.3	87.5	1.9	1	6.83
129	Donny ToiaOrlando City, 25, D(LR)	29(1)	2545	-	2	4	-	0.4	75	1.6	1	6.82
130	Jermaine JonesLA Galaxy, 36, D(C),M(C)	19(1)	1589	1	4	8	1	1.1	79.6	2.5	-	6.82
131	Micheal AziraColorado Rapids, 30, DMC	28(2)	2569	-	1	8	-	0.4	82.2	1	1	6.82
132	Michael de LeeuwChicago Fire, 31, AM(CLR),FW	26(4)	2190	3	7	5	-	1.2	78.2	0.6	-	6.82
133	Yordy ReynaVancouver Whitecaps, 24, AM(C)	11(7)	1075	6	3	3	-	1.4	77	0.2	1	6.82
134	Michael BarriosFC Dallas, 26, AM(LR),FW	28(6)	2567	3	12	5	-	1.8	76.3	0.3	-	6.82
135	Walker ZimmermanFC Dallas, 24, D(C)	18(4)	1602	1	1	-	-	0.4	79	2.9	1	6.81
136	Jerome ThiessonMinnesota United, 30, D(LR)	33	2955	2	3	6	-	0.3	78.9	1.1	-	6.81
137	Roy MillerPortland Timbers, 33, D(CL)	26	2268	1	1	8	-	0.4	84.3	2	2	6.81
138	Victor CabreraMontreal Impact, 25, D(C)	18(2)	1497	-	-	6	1	0.2	82	1.1	-	6.81
139	Kofi OpareDC United, 27, D(C)	25(1)	2214	2	1	2	-	1.2	80.5	2.7	2	6.81
140	Wil TrappColumbus Crew, 25, DMC	34	3035	-	4	3	-	0.2	89.3	0.7	-	6.8
141	Alexander CallensNew York City FC, 25, D(C)	34	3060	2	-	4	-	0.4	85.9	1.3	-	6.8
142	Victor BernardezSan Jose Earthquakes, 35, D(C)	25	2229	-	1	2	2	0.5	80.9	2	-	6.8
143	Andrew JacobsonVancouver Whitecaps, 32, D(C),DMC	19(2)	1704	2	2	2	-	0.6	73.3	1.9	-	6.8
144	Jimmy MedrandaSporting Kansas City, 24, D(L),M(CLR)	24(9)	2088	2	1	2	-	1.5	81.7	0.3	1	6.8
145	ArturColumbus Crew, 22, DMC	19(5)	1704	-	3	1	-	0.8	86.3	0.3	-	6.79
146	Damien PerrinelleNew York Red Bulls, 34, D(C)	22(3)	1972	-	1	4	-	0.4	75.6	1.6	-	6.79
147	Darwin CerenSan Jose Earthquakes, 28, M(C)	19(2)	1642	-	1	2	2	0.8	86.8	0.4	-	6.77
148	Andrew FarrellNew England Rev., 26, D(CR)	30	2665	-	3	5	1	0.2	77.8	0.6	-	6.77
149	Eriq ZavaletaToronto FC, 25, D(C)	27(2)	2356	1	-	4	-	0.1	81.5	1.3	1	6.77
150	Luis SolignacChicago Fire, 27, AM(CLR),FW	26(7)	2156	7	4	1	-	1.4	77.1	0.9	-	6.77
151	Vytautas AndriuskeviciusPortland Timbers, 27, D(L)	19(4)	1781	-	4	5	-	0.3	80.4	1.3	1	6.77
152	Tosaint RickettsToronto FC, 30, FW	9(13)	1002	7	1	-	-	1.4	68.6	1.8	2	6.77
153	Joe BendikOrlando City, 28, GK	33	2970	-	-	1	-	-	55.8	0.1	4	6.77
154	LeonardoHouston Dynamo, 30, D(C)	29(1)	2616	2	1	3	-	0.4	81	1.5	1	6.76
155	Benjamin AngouaNew England Rev., 31, D(CR)	26	2311	1	-	6	-	0.4	84.4	1.8	-	6.76
156	Dominique BadjiColorado Rapids, 25, AM(LR),FW	29(4)	2540	9	4	5	-	1.7	72.4	1.9	2	6.75
157	Laurent CimanMontreal Impact, 32, D(C)	30	2700	-	1	6	-	0.5	80.7	1.5	1	6.75
158	Cyle LarinOrlando City, 23, FW	24(4)	2169	12	3	1	-	2	77.1	0.7	2	6.75
159	Joao MeiraChicago Fire, 30, D(C),DMC	27(3)	2412	-	1	3	-	0.2	90	0.9	-	6.74
160	Jahmir HykaSan Jose Earthquakes, 30, AM(CL)	21(9)	1871	3	3	-	-	1.5	86.9	0.2	1	6.74
161	Kortne FordColorado Rapids, 22, D(C)	19(1)	1727	1	-	4	-	0.5	77.8	1.2	1	6.74
162	JuninhoChicago Fire, 29, DMC	17(4)	1529	1	1	3	1	1.2	89.4	0.4	-	6.74
163	Tim ParkerVancouver Whitecaps, 25, D(CR)	32	2880	1	1	4	-	0.6	79.7	2.3	1	6.74
164	Kyle FisherMontreal Impact, 23, D(C)	15(5)	1455	1	-	3	-	0.3	83	2.3	-	6.74
165	Scott SutterOrlando City, 31, D(R)	30(2)	2729	1	4	1	-	0.5	80.4	1.1	1	6.74
166	Ricardo ClarkHouston Dynamo, 35, M(C)	26(2)	2252	-	-	6	-	0.8	80.4	1.1	-	6.74
167	Julian GresselAtlanta United, 24, M(CR)	24(8)	2050	5	9	4	-	1.1	72.2	0.5	1	6.73
168	Sean JohnsonNew York City FC, 28, GK	32	2880	-	-	2	-	-	68.1	0.2	1	6.73
169	Christian BolanosVancouver Whitecaps, 33, M(CLR)	18(3)	1629	-	5	-	1	1.4	73.7	0.2	1	6.73
170	Emmanuel BoatengLA Galaxy, 24, AM(L)	29(5)	2322	4	2	-	-	0.8	81	0.3	-	6.72
171	Kevin DoyleColorado Rapids, 34, M(C),FW	23(2)	1966	5	3	5	-	2.2	71.9	2.2	1	6.72
172	Danilo AcostaReal Salt Lake, 20, D(L)	16(1)	1407	-	1	2	1	0.1	77.2	1.2	-	6.72
173	Ashley ColeLA Galaxy, 37, D(L)	29	2499	1	2	1	1	0.3	85.3	0.8	-	6.72
174	Roman TorresSeattle Sounders FC, 32, D(C)	21(2)	1788	-	2	4	1	0.8	77.6	2	-	6.71
175	Chris DuvallMontreal Impact, 26, D(CR)	25(2)	2210	1	2	5	1	0.4	81.8	0.9	1	6.71
176	Carlos GruezoFC Dallas, 23, DMC	30(1)	2614	-	3	6	1	0.7	85.7	0.6	-	6.71
177	Danny HoesenSan Jose Earthquakes, 27, AM(LR),FW	20(12)	1839	5	5	1	-	2.2	70.9	1	1	6.71
178	Alex MuylNew York Red Bulls, 22, AM(CLR)	21(9)	1940	3	3	4	-	1.2	77.6	0.9	-	6.71
179	Bradley DialloLA Galaxy, 27, D(R)	15(3)	1383	-	-	6	1	0.6	79.3	1.4	-	6.71
180	Stefan FreiSeattle Sounders FC, 31, GK	33	2970	-	-	2	-	-	64.3	0.3	-	6.7
181	Christian RamirezMinnesota United, 27, FW	27(3)	2392	14	3	1	-	2	71.9	0.4	2	6.7
182	Kekuta MannehColumbus Crew, 23, AM(CLR),FW	9(10)	839	4	3	-	-	1.4	77.2	0.2	2	6.7
183	Dairon AsprillaPortland Timbers, 25, AM(LR)	17(10)	1395	2	4	1	-	1.3	79	1.4	2	6.7
184	KakaOrlando City, 35, M(CL),FW	18(5)	1566	6	4	6	1	1.3	79.2	0.3	-	6.7
185	Daniel LovitzMontreal Impact, 26, D(L),M(L)	19(6)	1750	-	-	4	1	0.2	76.1	1.2	-	6.69
186	Alec KannAtlanta United, 27, GK	18	1620	-	1	3	-	-	67.2	0.1	-	6.69
187	Atiba HarrisFC Dallas, 33, D(CLR),M(R),FW	21(8)	2021	2	1	7	-	0.3	81.9	2.2	-	6.69
188	Will BruinSeattle Sounders FC, 28, FW	20(11)	1824	11	2	1	-	1.7	69.2	1.2	1	6.69
189	Tyrone MearsAtlanta United, 35, D(R)	16(4)	1499	1	1	2	-	0.1	81.3	1.1	1	6.69
190	Michael ParkhurstAtlanta United, 34, D(CR)	33	2906	-	-	4	-	-	86	0.4	-	6.69
191	Zack SteffenColumbus Crew, 23, GK	34	3060	-	-	3	-	-	65.4	0.3	-	6.68
192	A.J. DeLaGarzaHouston Dynamo, 30, D(CLR)	30	2623	-	3	8	-	0.3	76.1	0.9	-	6.68
193	Nicolai NaessColumbus Crew, 25, D(C),DMC	17(1)	1476	-	-	1	-	0.4	85.9	0.9	-	6.68
194	Jonathan MensahColumbus Crew, 27, D(CR)	25(1)	2169	2	1	7	2	0.8	86.2	2.4	-	6.68
195	Frederic BrillantNew York City FC, 32, D(C)	16(7)	1523	1	1	3	-	0.7	82.2	2	-	6.68
196	SunnyReal Salt Lake, 29, DMC	18(3)	1495	-	1	8	-	0.1	86.5	0.5	-	6.68
197	Nick RimandoReal Salt Lake, 38, GK	28	2488	-	-	1	-	-	62.5	0.1	1	6.68
198	Dave RomneyLA Galaxy, 24, D(CL)	23(6)	2250	2	1	-	-	0.7	82.1	1.8	-	6.68
199	Arturo AlvarezChicago Fire, 32, AM(CR)	14(12)	1086	3	2	2	-	1	77.2	0.2	1	6.67
200	Carlos CarmonaAtlanta United, 31, DMC	30(1)	2684	2	1	8	1	0.3	89.2	0.6	-	6.67
201	Sean DavisNew York Red Bulls, 25, M(CR)	21(6)	1796	2	2	5	-	1	83.7	0.4	-	6.67
202	Gershon KoffieNew England Rev., 26, M(C)	21(2)	1920	-	-	3	-	0.7	86.3	0.4	-	6.67
203	Alexander BonoToronto FC, 24, GK	28(1)	2570	-	1	2	-	-	49.8	0.3	1	6.66
204	David OustedVancouver Whitecaps, 33, GK	28	2453	-	-	2	1	-	59	0.3	-	6.66
205	Jelle Van DammeLA Galaxy, 34, D(CL)	18	1503	1	-	5	3	0.9	78.3	1.4	1	6.66
206	Marco UrenaSan Jose Earthquakes, 28, FW	22(3)	1767	5	2	3	-	2	74.9	0.1	1	6.66
207	Oscar Boniek GarciaHouston Dynamo, 33, D(R),M(CLR)	12(8)	1165	-	4	4	-	0.3	82.8	0.4	-	6.66
208	Tyler DericHouston Dynamo, 29, GK	26	2340	-	-	2	-	-	37.2	0.2	2	6.65
209	Ethan WhiteNew York City FC, 27, D(CR)	19(2)	1553	-	2	5	-	0.1	73.5	0.8	-	6.64
210	Luis RoblesNew York Red Bulls, 33, GK	34	3060	-	-	4	-	-	62.7	0.3	-	6.64
211	Cristian HiguitaOrlando City, 24, DMC	18(8)	1555	-	2	9	-	0.5	87.6	0.7	-	6.64
212	Ballou Jean-Yves TablaMontreal Impact, 19, AM(L)	11(10)	1146	2	2	4	-	1.2	78	0.1	-	6.64
213	Sal ZizzoNew York Red Bulls, 31, D(CR),M(LR)	18(5)	1647	-	2	4	1	0.3	75.8	1	-	6.64
214	Bobby ShuttleworthMinnesota United, 30, GK	32(1)	2840	-	-	4	-	-	58.4	0.2	3	6.63
215	Anthony Jackson-HamelMontreal Impact, 24, FW	11(10)	1137	9	3	-	-	1.5	67	1	-	6.63
216	Marco DonadelMontreal Impact, 34, M(C)	18(1)	1425	2	1	3	1	1	82.4	0.3	-	6.62
217	Marlon HairstonColorado Rapids, 24, D(R),M(R)	29(5)	2605	3	4	2	-	0.4	80.7	0.7	1	6.62
218	Brooks LennonReal Salt Lake, 20, M(R)	15(10)	1527	3	2	2	-	0.8	79.3	0.6	1	6.62
219	Tim HowardColorado Rapids, 39, GK	25	2250	-	-	1	-	-	63.3	0.2	3	6.62
220	Jordan MorrisSeattle Sounders FC, 23, AM(LR),FW	22(1)	1803	3	1	-	-	1.5	77.1	1.2	-	6.62
221	Sam CroninMinnesota United, 31, DMC	18	1551	-	1	3	-	0.3	87.5	0.4	-	6.62
222	Luis SilvaReal Salt Lake, 29, AM(C),FW	20(10)	1777	7	3	5	-	1.9	73.9	0.6	1	6.62
223	Steven BeitashourToronto FC, 31, D(R),M(R)	17(5)	1590	-	4	1	-	0.2	81.4	0.3	-	6.61
224	Tony TchaniVancouver Whitecaps, 29, M(C)	26(1)	2122	4	1	4	2	0.8	80.2	0.8	2	6.61
225	Jesse GonzalezFC Dallas, 22, GK	29	2610	-	-	4	-	-	66.5	0.1	-	6.61
226	Scott CaldwellNew England Rev., 27, DMC	26(7)	2196	1	2	2	-	0.3	87.1	0.2	-	6.61
227	Xavier KouassiNew England Rev., 28, DMC	14(9)	1218	1	-	3	2	0.2	86.3	0.8	1	6.61
228	Darren MattocksPortland Timbers, 27, AM(LR),FW	11(13)	1075	4	1	1	-	1.3	72.6	1.2	2	6.61
229	Mekeil WilliamsColorado Rapids, 27, D(LR)	16(1)	1398	-	1	6	1	0.2	71.2	1.4	-	6.6
230	Jordan HarveyVancouver Whitecaps, 34, D(L)	28	2510	1	1	3	-	0.3	77	0.6	-	6.6
231	Patrice BernierMontreal Impact, 38, M(C)	20(7)	1801	2	3	1	-	0.8	81.3	0.4	-	6.6
232	Mauro DiazFC Dallas, 27, AM(C)	13(6)	1108	2	3	-	-	1.1	79.3	0.1	1	6.6
233	Latif BlessingSporting Kansas City, 21, AM(LR),FW	16(9)	1420	3	1	3	-	1.5	79	0.4	1	6.6
234	Shea SalinasSan Jose Earthquakes, 31, D(L),M(CLR)	15(10)	1437	1	2	3	-	0.2	75.4	0.6	3	6.6
235	Brent KallmanMinnesota United, 27, D(C)	23	1942	2	-	7	-	0.4	82.4	1.9	1	6.6
236	Lloyd SamDC United, 33, AM(R)	23(7)	2026	2	4	5	1	0.8	77.5	0.3	-	6.59
237	Seth SinovicSporting Kansas City, 31, D(L)	32	2858	1	2	6	-	0.5	83.5	0.8	-	6.59
238	Raymon GaddisPhiladelphia Union, 28, D(LR)	23(3)	2028	-	-	5	-	0.1	83	0.3	-	6.59
239	Marcelo SarvasDC United, 36, M(C)	19(6)	1841	-	-	8	-	0.4	79.7	0.4	-	6.59
240	Joao PedroLA Galaxy, 25, DMC	26(2)	2307	1	2	7	-	1	81.9	1	-	6.59
241	DaMarcus BeasleyHouston Dynamo, 35, D(L)	22(2)	1985	-	-	-	-	0.3	85.1	0.6	-	6.59
242	Teal BunburyNew England Rev., 28, AM(R),FW	13(15)	1280	7	1	1	-	1.6	77.7	0.5	1	6.58
243	Armando CooperToronto FC, 30, M(C)	10(9)	907	-	1	2	-	0.6	85	0.4	-	6.58
244	Gyasi ZardesLA Galaxy, 26, M(LR),FW	23(1)	1987	2	2	3	-	1.2	76.2	1.8	-	6.58
245	Steve BirnbaumDC United, 27, D(C)	25(1)	2248	-	-	2	-	0.9	74	4	-	6.58
246	Evan BushMontreal Impact, 32, GK	31	2790	-	-	3	-	-	65.2	0.5	-	6.57
247	Alex CrognaleColumbus Crew, 23, D(C)	12(5)	1069	-	1	1	-	0.5	80.4	1.6	1	6.56
248	Connor LadeNew York Red Bulls, 28, D(LR)	16(5)	1382	-	2	3	-	0.6	74.3	0.4	-	6.56
249	Andrew WengerHouston Dynamo, 27, M(LR),FW	12(10)	1113	2	2	2	-	1	57.1	1	-	6.56
250	Jared JeffreyDC United, 27, DMC	19(4)	1619	1	-	4	-	0.6	78.5	0.3	-	6.55
251	Hassoun CamaraMontreal Impact, 34, D(CR)	16(2)	1351	-	-	3	1	0.6	77.8	1.9	-	6.55
252	Axel SjobergColorado Rapids, 25, D(C)	19	1638	1	-	1	1	0.6	83	1.6	-	6.55
253	Shkelzen GashiColorado Rapids, 29, AM(CLR)	12(5)	1034	2	1	1	-	1.5	77.1	0.4	1	6.54
254	Fatai AlasheSan Jose Earthquakes, 24, D(C),DMC	13(4)	1201	-	-	6	-	0.4	85	0.7	-	6.54
255	Mohammed SaeidColorado Rapids, 27, M(CL)	27(2)	2269	1	2	2	-	0.4	82.3	0.3	-	6.53
256	Chris McCannAtlanta United, 30, D(CL),M(C)	9(14)	959	-	2	-	-	0.6	82.7	0.4	-	6.53
257	Harrison AffulColumbus Crew, 31, D(R),M(R)	21(3)	1780	-	-	3	1	0.7	80.6	0.7	-	6.53
258	Vicente SanchezHouston Dynamo, 38, AM(LR),FW	3(18)	518	2	5	-	-	1	78.2	0.2	-	6.53
259	Michael SalazarMontreal Impact, 25, AM(R)	7(10)	691	3	2	1	-	0.6	76.6	0.8	1	6.53
260	Brek SheaVancouver Whitecaps, 28, D(L),M(L)	14(11)	1326	4	2	2	1	0.9	64.4	1	1	6.53
261	Carlos RivasOrlando City, 24, AM(L),FW	21(9)	1962	5	2	3	-	2.5	68.2	0.1	-	6.52
262	Tommy ThompsonSan Jose Earthquakes, 22, AM(CLR)	16(16)	1538	1	4	1	-	1.3	83.2	0.3	1	6.52
263	Mohammed AbuColumbus Crew, 26, DMC	14(6)	1281	-	-	3	-	0.3	88.4	0.4	-	6.52
264	Giles BarnesOrlando City, 29, AM(CLR),FW	23(11)	2141	3	1	-	-	1.5	80.1	1	1	6.51
265	Matteo MancosuMontreal Impact, 33, FW	20(6)	1745	6	1	5	-	1.9	65.2	1	-	6.51
266	Ian HarkesDC United, 23, DMC	22(3)	1949	2	1	2	-	1	82.7	0.7	-	6.51
267	Joshua GattColorado Rapids, 26, AM(LR)	11(9)	1067	2	2	3	-	0.9	71.6	0.5	-	6.51
268	Ethan FinlayColumbus Crew, 27, AM(R)	14(5)	1286	1	1	2	-	1.1	75.6	0.4	-	6.5
269	David BinghamSan Jose Earthquakes, 28, GK	23	2070	-	1	3	-	-	52.6	0.5	1	6.5
270	Chris TierneyNew England Rev., 32, D(L)	20(6)	1716	1	2	3	-	0.3	81.8	0.5	-	6.5
271	Victor UlloaFC Dallas, 26, DMC	12(11)	1206	-	2	1	-	0.3	85.2	0.9	-	6.5
272	Tommy ReddingOrlando City, 21, D(C)	14(4)	1406	-	-	3	-	0.1	83	0.9	-	6.49
273	Harry ShippSeattle Sounders FC, 26, AM(CLR),FW	11(7)	928	2	-	1	-	0.8	84.2	0.3	-	6.48
274	Sean FranklinDC United, 33, D(R),M(R)	15(4)	1416	-	2	5	-	0.4	75.9	1.2	1	6.48
275	Miguel IbarraMinnesota United, 28, AM(LR)	20(9)	1760	3	3	2	-	0.8	84.8	0.4	-	6.48
276	Thomas McNamaraNew York City FC, 27, M(CL)	19(8)	1576	3	1	5	-	0.9	85	0.2	1	6.48
277	Tesho AkindeleFC Dallas, 26, AM(CLR),FW	15(14)	1512	4	-	3	1	0.7	76	1.1	-	6.47
278	Kofi SarkodieSan Jose Earthquakes, 27, D(LR)	16(2)	1326	-	1	1	1	0.2	79.6	0.7	-	6.46
279	Gonzalo VeronNew York Red Bulls, 32, AM(R),FW	5(19)	779	6	1	1	-	1.2	72.3	0.4	-	6.46
280	Ryan HollingsheadFC Dallas, 27, D(LR),M(LR)	9(9)	822	-	-	-	-	0.9	78	0.9	-	6.46
281	Jonathan OsorioToronto FC, 25, AM(CLR)	9(18)	1062	2	1	1	-	0.6	89.4	0.1	-	6.45
282	Lawrence OlumPortland Timbers, 33, D(C),DMC	22(8)	2103	1	-	3	-	0.3	88.1	0.8	-	6.45
283	Alphonso DaviesVancouver Whitecaps, 17, AM(LR)	9(17)	1057	-	1	1	-	0.6	71.8	0.1	-	6.45
284	Eric MillerColorado Rapids, 25, D(CLR)	30	2617	-	-	5	-	0.1	74	0.9	-	6.44
285	Bismark BoatengColorado Rapids, 23, DMC	10(8)	808	-	-	3	-	0.7	79.6	1.1	-	6.44
286	Hernan BernardelloMontreal Impact, 31, M(C)	17(5)	1497	-	2	5	-	0.4	82.2	0.5	-	6.44
287	Jukka RaitalaColumbus Crew, 29, D(CL),M(L)	20(8)	1921	-	1	4	-	0.3	78.4	1	-	6.44
288	Kevin KratzAtlanta United, 31, M(C)	5(15)	591	1	1	1	-	0.4	84.3	0.2	-	6.43
289	Daniel SalloiSporting Kansas City, 21, AM(L)	12(10)	1173	3	1	1	-	1.9	80.4	0.1	2	6.43
290	Cody CropperNew England Rev., 25, GK	28	2520	-	-	-	-	-	53.1	0.1	-	6.43
291	Djordje MihailovicChicago Fire, 19, DMC	7(10)	734	1	-	-	-	0.5	85.1	0.2	-	6.43
292	Matthew LampsonChicago Fire, 28, GK	24	2160	-	-	4	-	-	64	0.4	-	6.42
293	Abu DanladiMinnesota United, 22, FW	15(12)	1392	8	2	4	1	1.4	75.5	0.2	-	6.42
294	Dillon SernaColorado Rapids, 24, AM(LR)	9(10)	946	1	1	-	-	1.4	70.7	0.3	-	6.41
295	Roland AlbergPhiladelphia Union, 27, AM(CL)	9(15)	872	7	-	3	-	1.3	83.3	0.2	-	6.41
296	Patrick MullinsDC United, 26, FW	12(8)	1076	5	-	1	-	1.9	62.2	1.8	1	6.4
297	Bradford JamiesonLA Galaxy, 21, AM(CR),FW	11(13)	985	3	1	2	-	0.3	76.8	0.5	-	6.4
298	Jonathan CampbellChicago Fire, 24, D(C)	8(16)	1012	-	-	2	-	-	84.2	0.8	-	6.4
299	Antonio NocerinoOrlando City, 33, M(C)	28(3)	2235	1	-	2	1	0.5	85.3	0.1	-	6.39
300	Chris WingertReal Salt Lake, 35, D(CLR)	20(3)	1756	1	-	5	-	0.3	73.5	1.3	-	6.39
301	Jared WattsColorado Rapids, 26, D(C),DMC	18(2)	1490	-	1	4	2	0.2	82.2	0.6	1	6.38
302	Mike da FonteColorado Rapids, 27, D(L)	14(3)	1225	-	-	5	-	0.1	76.5	1.4	-	6.38
303	Bernie Ibini-IseiVancouver Whitecaps, 25, AM(R)	7(10)	629	1	1	-	-	1.1	85.1	0.2	-	6.38
304	Luis GilOrlando City, 24, AM(C)	6(11)	598	-	-	1	-	0.6	80.5	0.2	-	6.38
305	Rafael GarciaLA Galaxy, 29, D(R),DMC	12(6)	1186	-	-	1	-	0.1	83.9	0.5	-	6.38
306	Yura MovsisyanReal Salt Lake, 30, FW	16(12)	1419	7	-	4	-	1.6	58.4	0.7	-	6.37
307	Jake GleesonPortland Timbers, 27, GK	21	1818	-	-	-	-	-	60	0.1	-	6.37
308	Kenwyne JonesAtlanta United, 33, FW	5(12)	500	2	-	-	-	0.6	65.5	1.8	-	6.36
309	Sebastian SaucedoReal Salt Lake, 21, AM(L)	5(15)	574	-	2	2	-	1.5	81.3	0.1	-	6.35
310	Marcus EppsPhiladelphia Union, 23, AM(R)	7(12)	711	2	-	-	-	0.8	72.9	0.3	-	6.34
311	Nicolas MezquidaVancouver Whitecaps, 26, AM(CR),FW	8(12)	686	2	1	1	-	0.6	68.5	0.2	-	6.34
312	Johan VenegasMinnesota United, 29, AM(CR)	12(10)	1229	2	5	4	-	1.5	76	0.5	-	6.34
313	Collen WarnerMinnesota United, 29, M(C)	12(13)	1283	1	-	6	-	0.3	81.3	0.8	-	6.33
314	Lamar NeagleDC United, 30, AM(LR),FW	9(13)	1117	1	-	4	-	1.2	68.7	1.5	1	6.32
315	Cristian ColmanFC Dallas, 24, FW	10(16)	961	2	1	1	-	1.5	62.3	1.5	1	6.31
316	Derrick EtienneNew York Red Bulls, 21, Midfielder	8(10)	702	-	2	2	-	0.7	76.4	-	-	6.3
317	Drew ConnerChicago Fire, 24, D(R)	8(13)	883	-	-	-	-	0.1	83.5	0.3	-	6.29
318	Dominic OduroMontreal Impact, 32, AM(R),FW	17(8)	1440	1	-	1	-	1	76.9	0.3	-	6.29
319	Jack McBeanLA Galaxy, 23, FW	8(10)	715	2	-	4	-	0.5	66.8	1.3	1	6.28
320	Alan GordonColorado Rapids, 36, FW	6(20)	818	3	3	4	1	0.9	71.9	1.4	-	6.26
321	Je-Vaughn WatsonNew England Rev., 34, D(CLR),M(CR)	8(10)	766	-	-	4	1	0.3	83.5	0.6	-	6.2
322	Adam JahnColumbus Crew, 27, FW	1(20)	316	1	1	3	-	0.4	64.6	1.2	-	6.18
323	Jay SimpsonPhiladelphia Union, 29, Forward	4(18)	472	1	-	-	-	0.6	87	0.3	-	6.18
